Kernel,Optimisation,ProblemSize,BlockSize,GridSize,MyDurationMin,MyDurationMed,Scalability,DurationNs,MeanOccupancyPerCU,MeanOccupancyPerActiveCU,GPUBusy,Wavefronts,L2CacheHit,SALUInsts,VALUInsts,SFetchInsts
saxpy,NOPT,10000000,8,1250000,579080,580352,0.22,544289,17.3332065776,17.8152468174,100,1666666,80.7691289937,2,9,4
saxpy,NOPT,10000000,16,625000,309364,310258,0.29,283845,16.918387004,17.9441272916,100,833334,66.6658844273,2,9,4
saxpy,NOPT,10000000,24,416667,219464,220226,0.35,194564,16.7618343507,18.3221829537,100,555556,69.998852758,2,9,4
saxpy,NOPT,10000000,32,312500,165772,166344,0.35,148723,16.2205558845,18.2145162137,100,416666,50.0001599992,2,9,4
saxpy,NOPT,10000000,40,250000,162766,163852,0.67,117402,33.3926496237,37.8219062625,100,666666,66.6525645041,2,9,4
saxpy,NOPT,10000000,48,208334,155830,156886,0.68,99842,32.7323089659,37.9740900805,100,555558,57.121602183,2,8.9999874001,3.9999964
